K-C00334, J055520
K-C00334, J110145
K-C00334, J164710
K-C00334, J200727
G-C00324, Thera
K-C00334, J174618
A-C00311, J105443
A-C00311, J100744
A-C00311, J225046
A-C00311, J160837
A-C00311, J114700
A-C00311, J134914
A-C00312, J102655
A-C00312, J134312
A-C00312, J205818
A-C00312, J113434
A-C00312, J105711
A-C00312, J164218
A-C00312, J154535
A-C00312, J111301
A-C00312, J135038
A-C00312, J121358
A-C00312, J222914
A-C00312, J155429
A-C00313, J204640
A-C00313, J162604
A-C00313, J164807
A-C00313, J233317
A-C00313, J155023
A-C00313, J112628
A-C00313, J153001
A-C00313, J143204
A-C00313, J101729
A-C00313, J221203
A-C00314, J125428
A-C00314, J131854
A-C00314, J160534
A-C00314, J144855
A-C00314, J101453
A-C00314, J144913
A-C00314, J144530
A-C00314, J135411
A-C00314, J125713
A-C00314, J105521
A-C00315, J224324
A-C00315, J163203
A-C00315, J171818
A-C00315, J145337
A-C00315, J150131
A-C00315, J130842
A-C00315, J145406
A-C00315, J103404
A-C00315, J112124
A-C00316, J124926
A-C00316, J232605
A-C00316, J144938
A-C00316, J233828
A-C00316, J130714
A-C00316, J142701
A-C00316, J154226
A-C00316, J125843
A-C00316, J155459
A-C00317, J225555
A-C00317, J115549
A-C00317, J140741
A-C00317, J104140
A-C00317, J101757
A-C00317, J100250
A-C00317, J113721
A-C00317, J105039
A-C00317, J233550
A-C00318, J114033
A-C00318, J105936
A-C00318, J140121
A-C00318, J154029
A-C00318, J101336
A-C00318, J160039
A-C00318, J161257
A-C00318, J144303
A-C00318, J121131
A-C00318, J113653
A-C00318, J123454
A-C00318, J110750
A-C00319, J151106
A-C00319, J100040
A-C00319, J223733
A-C00319, J110431
A-C00319, J134446
A-C00319, J143202
A-C00319, J210436
A-C00319, J133030
A-C00319, J170645
A-C00320, J103151
A-C00320, J222206
A-C00320, J130602
A-C00320, J123708
A-C00320, J123831
A-C00320, J164927
A-C00320, J134143
A-C00320, J214534
A-C00320, J135250
A-C00320, J111707
A-C00320, J135245
A-C00320, J101408
A-C00321, J215117
A-C00321, J141019
A-C00321, J102206
A-C00321, J125903
A-C00321, J134939
A-C00321, J162641
A-C00321, J152537
A-C00321, J224442
A-C00321, J104138
A-C00321, J121516
A-C00321, J114540
A-C00321, J155013
A-C00322, J144450
A-C00322, J141239
A-C00322, J115545
A-C00322, J114905
A-C00322, J120522
A-C00322, J172907
A-C00322, J164550
A-C00322, J141812
A-C00322, J134637
A-C00322, J134132
A-C00322, J125011
A-C00323, J105942
A-C00323, J171653
A-C00323, J110213
A-C00323, J115048
A-C00323, J174405
A-C00323, J123111
A-C00323, J123047
A-C00323, J231541
A-C00323, J215900
A-C00323, J110651
A-C00323, J140602
A-C00323, J163804
A-C00001, J125209
A-C00001, J140831
A-C00001, J161811
A-C00001, J112913
A-C00001, J105632
A-C00001, J160710
A-C00001, J160835
A-C00001, J122659
A-C00001, J130931
A-C00001, J161115
A-C00001, J120734
A-C00002, J110906
A-C00002, J121418
A-C00002, J113820
A-C00002, J113506
A-C00002, J172240
A-C00002, J110101
A-C00002, J110108
A-C00002, J213555
A-C00002, J144704
A-C00002, J115815
A-C00002, J133653
A-C00002, J171700
A-C00003, J104628
A-C00003, J114546
A-C00003, J235419
A-C00003, J204503
A-C00003, J215417
A-C00003, J110545
A-C00003, J153536
A-C00003, J150407
A-C00003, J153530
A-C00003, J131232
A-C00003, J101020
A-C00004, J133613
A-C00004, J165901
A-C00004, J152006
A-C00004, J160345
A-C00004, J134330
A-C00004, J213342
A-C00004, J150745
A-C00004, J165056
A-C00004, J150827
A-C00004, J144632
A-C00004, J102630
A-C00004, J133335
A-C00005, J125925
A-C00005, J142617
A-C00005, J150818
A-C00005, J114420
A-C00005, J112250
A-C00005, J155935
A-C00005, J115738
A-C00005, J232715
A-C00005, J110051
A-C00006, J152928
A-C00006, J132216
A-C00006, J132758
A-C00006, J134145
A-C00006, J102849
A-C00006, J120335
A-C00006, J104439
A-C00006, J122717
A-C00006, J101817
A-C00006, J131551
A-C00007, J115200
A-C00007, J155029
A-C00007, J223703
A-C00007, J233359
A-C00007, J114107
A-C00007, J152014
A-C00007, J100211
A-C00007, J104103
A-C00007, J171019
A-C00007, J114313
A-C00008, J130542
A-C00008, J114719
A-C00008, J130322
A-C00008, J161524
A-C00008, J162858
A-C00008, J121158
A-C00008, J113050
A-C00008, J141514
A-C00008, J220654
A-C00008, J162118
A-C00008, J231004
A-C00008, J120621
A-C00009, J151601
A-C00009, J105837
A-C00009, J143133
A-C00009, J100422
A-C00009, J104335
A-C00009, J105700
A-C00009, J215431
A-C00009, J143628
A-C00009, J141150
A-C00009, J163743
A-C00009, J161509
A-C00009, J150629
A-C00010, J141017
A-C00010, J130045
A-C00010, J123748
A-C00010, J124051
A-C00010, J151141
A-C00010, J112129
A-C00010, J213653
A-C00010, J143649
A-C00010, J223855
A-C00010, J140019
A-C00010, J110605
A-C00010, J122843
A-C00011, J205004
A-C00011, J122114
A-C00011, J163533
A-C00011, J151518
A-C00011, J122712
A-C00011, J143002
A-C00011, J160307
A-C00011, J213932
A-C00011, J102414
A-C00011, J170949
A-C00012, J235001
A-C00012, J103320
A-C00012, J141038
A-C00012, J172003
A-C00012, J124215
A-C00012, J215754
A-C00012, J102837
A-C00012, J130155
A-C00012, J170544
A-C00012, J142649
A-C00013, J150539
A-C00013, J163156
A-C00013, J120338
A-C00013, J142941
A-C00013, J110126
A-C00013, J155504
A-C00013, J144228
A-C00013, J223650
A-C00013, J102734
A-C00013, J105232
A-C00013, J133128
A-C00014, J140135
A-C00014, J115216
A-C00014, J153311
A-C00014, J164756
A-C00014, J165216
A-C00014, J114914
A-C00014, J212504
A-C00014, J120256
A-C00014, J143421
A-C00014, J223026
A-C00014, J102918
A-C00015, J142136
A-C00015, J134540
A-C00015, J124451
A-C00015, J102749
A-C00015, J165741
A-C00015, J142119
A-C00015, J105642
A-C00015, J154354
A-C00015, J102005
A-C00015, J133052
A-C00015, J103341
A-C00015, J142114
A-C00016, J152353
A-C00016, J120431
A-C00016, J103547
A-C00016, J161107
A-C00016, J160334
A-C00016, J101845
A-C00016, J171805
A-C00016, J134610
A-C00016, J173842
A-C00017, J155203
A-C00017, J121935
A-C00017, J105013
A-C00017, J161846
A-C00017, J113632
A-C00017, J170106
A-C00017, J123828
A-C00017, J172147
A-C00017, J164759
A-C00018, J212957
A-C00018, J212338
A-C00018, J115823
A-C00018, J112744
A-C00018, J121941
A-C00018, J125650
A-C00018, J161344
A-C00018, J134833
A-C00018, J143517
A-C00018, J133245
A-C00018, J113918
A-C00019, J161644
A-C00019, J152257
A-C00019, J155833
A-C00019, J151332
A-C00019, J231306
A-C00019, J171312
A-C00019, J112406
A-C00019, J212904
A-C00019, J111811
A-C00020, J104201
A-C00020, J150216
A-C00020, J112934
A-C00020, J115808
A-C00020, J121915
A-C00020, J133259
A-C00020, J150325
A-C00020, J122224
A-C00020, J131702
A-C00020, J141807
A-C00020, J142327
A-C00020, J144822
B-C00021, J164417
B-C00021, J125227
B-C00021, J113057
B-C00021, J101524
B-C00021, J124508
B-C00021, J141156
B-C00021, J222822
B-C00021, J104253
B-C00021, J144153
B-C00022, J103406
B-C00022, J133210
B-C00022, J111740
B-C00022, J125956
B-C00022, J105951
B-C00022, J141857
B-C00022, J120726
B-C00022, J155737
B-C00022, J144605
B-C00022, J144218
B-C00022, J114835
B-C00023, J134006
B-C00023, J160941
B-C00023, J111557
B-C00023, J124219
B-C00023, J155620
B-C00023, J114346
B-C00023, J153532
B-C00023, J211936
B-C00023, J211036
B-C00023, J145805
B-C00023, J151548
B-C00024, J160412
B-C00024, J104008
B-C00024, J145715
B-C00024, J235321
B-C00024, J103339
B-C00024, J132009
B-C00024, J210548
B-C00024, J235408
B-C00024, J122821
B-C00024, J121925
B-C00024, J151047
B-C00024, J111011
B-C00025, J154212
B-C00025, J130256
B-C00025, J113230
B-C00025, J132557
B-C00025, J233534
B-C00025, J232801
B-C00025, J153627
B-C00025, J134800
B-C00025, J111508
B-C00025, J143639
B-C00026, J160753
B-C00026, J151231
B-C00026, J142547
B-C00026, J142306
B-C00026, J210422
B-C00026, J112137
B-C00026, J160715
B-C00026, J145931
B-C00026, J103217
B-C00026, J143505
B-C00027, J142533
B-C00027, J112146
B-C00027, J103839
B-C00027, J152433
B-C00027, J110408
B-C00027, J205546
B-C00027, J152801
B-C00027, J120308
B-C00027, J103948
B-C00028, J112820
B-C00028, J231837
B-C00028, J110043
B-C00028, J121454
B-C00028, J230959
B-C00028, J103408
B-C00028, J162720
B-C00028, J132418
B-C00028, J164235
B-C00029, J143429
B-C00029, J134654
B-C00029, J112801
B-C00029, J110656
B-C00029, J134951
B-C00029, J155307
B-C00029, J131204
B-C00029, J213737
B-C00029, J235117
B-C00029, J164938
B-C00029, J120310
B-C00029, J144838
B-C00030, J101307
B-C00030, J172354
B-C00030, J235447
B-C00030, J124023
B-C00030, J171424
B-C00030, J150921
B-C00030, J171518
B-C00030, J140012
B-C00030, J155616
B-C00030, J234557
B-C00030, J162700
B-C00031, J103716
B-C00031, J100640
B-C00031, J151250
B-C00031, J141332
B-C00031, J211915
B-C00031, J144546
B-C00031, J145759
B-C00031, J103422
B-C00031, J130222
B-C00032, J165357
B-C00032, J105321
B-C00032, J105803
B-C00032, J130209
B-C00032, J122832
B-C00032, J143359
B-C00032, J100447
B-C00032, J115651
B-C00032, J134323
B-C00032, J160014
B-C00032, J110823
B-C00033, J100246
B-C00033, J131221
B-C00033, J145155
B-C00033, J114405
B-C00033, J215537
B-C00033, J172551
B-C00033, J131107
B-C00033, J113108
B-C00033, J172556
B-C00033, J123450
B-C00033, J135809
B-C00034, J212319
B-C00034, J104210
B-C00034, J170038
B-C00034, J104115
B-C00034, J114758
B-C00034, J231517
B-C00034, J114055
B-C00034, J120619
B-C00034, J213058
B-C00035, J162430
B-C00035, J120928
B-C00035, J132918
B-C00035, J105203
B-C00035, J104328
B-C00035, J130854
B-C00035, J164130
B-C00035, J110316
B-C00035, J122331
B-C00036, J133419
B-C00036, J150137
B-C00036, J140112
B-C00036, J125721
B-C00036, J154515
B-C00036, J135703
B-C00036, J102347
B-C00036, J234942
B-C00036, J134618
B-C00036, J154858
B-C00036, J132052
B-C00037, J114046
B-C00037, J150859
B-C00037, J151615
B-C00037, J122246
B-C00037, J132559
B-C00037, J230207
B-C00037, J140308
B-C00037, J140642
B-C00037, J114306
B-C00037, J154606
B-C00037, J135910
B-C00038, J132024
B-C00038, J160311
B-C00038, J142239
B-C00038, J101149
B-C00038, J154538
B-C00038, J144426
B-C00038, J150341
B-C00038, J122124
B-C00038, J112614
B-C00039, J145316
B-C00039, J215736
B-C00039, J163138
B-C00039, J100033
B-C00039, J170552
B-C00039, J104820
B-C00039, J131240
B-C00039, J120442
B-C00039, J105000
B-C00039, J164507
B-C00039, J144956
B-C00040, J114712
B-C00040, J211908
B-C00040, J150700
B-C00040, J164931
B-C00040, J121412
B-C00040, J145211
B-C00040, J174449
B-C00040, J133015
B-C00040, J134534
B-C00040, J153229
B-C00040, J133557
B-C00041, J150807
B-C00041, J110413
B-C00041, J105352
B-C00041, J161246
B-C00041, J125927
B-C00041, J130650
B-C00041, J142826
B-C00041, J152737
B-C00041, J225316
B-C00041, J163146
B-C00042, J134107
B-C00042, J104850
B-C00042, J131124
B-C00042, J123435
B-C00042, J150853
B-C00042, J170558
B-C00042, J214238
B-C00042, J110538
B-C00042, J143336
B-C00043, J232044
B-C00043, J145225
B-C00043, J231210
B-C00043, J223853
B-C00043, J234542
B-C00043, J115911
B-C00043, J135155
B-C00043, J152825
B-C00043, J115334
B-C00043, J114749
B-C00043, J134730
B-C00044, J105544
B-C00044, J233129
B-C00044, J114528
B-C00044, J103351
B-C00044, J152322
B-C00044, J132617
B-C00044, J104517
B-C00044, J132401
B-C00044, J142918
B-C00044, J163902
B-C00044, J214843
B-C00045, J173322
B-C00045, J120252
B-C00045, J232305
B-C00045, J123907
B-C00045, J144057
B-C00045, J223320
B-C00045, J153247
B-C00045, J204623
B-C00045, J223348
B-C00045, J115734
B-C00045, J154735
B-C00045, J115314
B-C00046, J164816
B-C00046, J132712
B-C00046, J124530
B-C00046, J134949
B-C00046, J132458
B-C00046, J160927
B-C00046, J150836
B-C00046, J102222
B-C00046, J103144
B-C00047, J135629
B-C00047, J115530
B-C00047, J133111
B-C00047, J150904
B-C00047, J111846
B-C00047, J152950
B-C00047, J120704
B-C00047, J104718
B-C00047, J131808
B-C00048, J231644
B-C00048, J232147
B-C00048, J132048
B-C00048, J172350
B-C00048, J145619
B-C00048, J163446
B-C00048, J140816
B-C00048, J141015
B-C00048, J101346
B-C00049, J212238
B-C00049, J235852
B-C00049, J134349
B-C00049, J204221
B-C00049, J110910
B-C00049, J131753
B-C00049, J113221
B-C00049, J152941
B-C00049, J144727
B-C00050, J143320
B-C00050, J155551
B-C00050, J162516
B-C00050, J135827
B-C00050, J131706
B-C00050, J214854
B-C00050, J150109
B-C00050, J103512
B-C00050, J121658
B-C00051, J143706
B-C00051, J235924
B-C00051, J103854
B-C00051, J214725
B-C00051, J101415
B-C00051, J122837
B-C00051, J125727
B-C00051, J142847
B-C00051, J155035
B-C00051, J102504
B-C00052, J160305
B-C00052, J151503
B-C00052, J142838
B-C00052, J131034
B-C00052, J214901
B-C00052, J113323
B-C00052, J112956
B-C00052, J104802
B-C00052, J100808
B-C00052, J100509
B-C00052, J142055
B-C00052, J135141
B-C00053, J151902
B-C00053, J235759
B-C00053, J164613
B-C00053, J225805
B-C00053, J112916
B-C00053, J115347
B-C00053, J224217
B-C00053, J110555
B-C00053, J143455
B-C00053, J111141
B-C00053, J104606
B-C00053, J222830
B-C00054, J123249
B-C00054, J115310
B-C00054, J143702
B-C00054, J223538
B-C00054, J131618
B-C00054, J215944
B-C00054, J121952
B-C00054, J121928
B-C00054, J105439
B-C00055, J150627
B-C00055, J121745
B-C00055, J141438
B-C00055, J214929
B-C00055, J130709
B-C00055, J103924
B-C00055, J211000
B-C00055, J123555
B-C00055, J151125
B-C00055, J123412
B-C00056, J112309
B-C00056, J123850
B-C00056, J163923
B-C00056, J143546
B-C00056, J130832
B-C00056, J221337
B-C00056, J113449
B-C00056, J212607
B-C00056, J165157
B-C00057, J142937
B-C00057, J120455
B-C00057, J122638
B-C00057, J161411
B-C00057, J124028
B-C00057, J134735
B-C00057, J142845
B-C00057, J140750
B-C00057, J104515
B-C00057, J113039
B-C00057, J111159
B-C00057, J105342
B-C00058, J121728
B-C00058, J115700
B-C00058, J143234
B-C00058, J122524
B-C00058, J124007
B-C00058, J150533
B-C00058, J143933
B-C00058, J225128
B-C00058, J133632
B-C00059, J131744
B-C00059, J125923
B-C00059, J161138
B-C00059, J125824
B-C00059, J223511
B-C00059, J134401
B-C00059, J214739
B-C00059, J104321
B-C00059, J115327
B-C00059, J154937
B-C00060, J112505
B-C00060, J102739
B-C00060, J171309
B-C00060, J133417
B-C00060, J124749
B-C00060, J122137
B-C00060, J140353
B-C00060, J104029
B-C00060, J151348
B-C00060, J163522
B-C00061, J131315
B-C00061, J114008
B-C00061, J233839
B-C00061, J112558
B-C00061, J114308
B-C00061, J130125
B-C00061, J173213
B-C00061, J160126
B-C00061, J154813
B-C00061, J215151
B-C00062, J144739
B-C00062, J102602
B-C00062, J120924
B-C00062, J212906
B-C00062, J101719
B-C00062, J101824
B-C00062, J153003
B-C00062, J105123
B-C00062, J122635
B-C00062, J152624
B-C00062, J224145
B-C00063, J163318
B-C00063, J144004
B-C00063, J122931
B-C00063, J173245
B-C00063, J145246
B-C00063, J124526
B-C00063, J165648
B-C00063, J134405
B-C00063, J213111
B-C00064, J135422
B-C00064, J153030
B-C00064, J120634
B-C00064, J102209
B-C00064, J123540
B-C00064, J112715
B-C00064, J162159
B-C00064, J122118
B-C00064, J105244
B-C00064, J123958
B-C00065, J223552
B-C00065, J232359
B-C00065, J171539
B-C00065, J100102
B-C00065, J154249
B-C00065, J105311
B-C00065, J210536
B-C00065, J151248
B-C00065, J131852
B-C00066, J141611
B-C00066, J113723
B-C00066, J121323
B-C00066, J144422
B-C00066, J140722
B-C00066, J141637
B-C00066, J112617
B-C00066, J150754
B-C00066, J102946
B-C00066, J115234
B-C00066, J145145
B-C00066, J145426
B-C00067, J122732
B-C00067, J144203
B-C00067, J140843
B-C00067, J155631
B-C00067, J235525
B-C00067, J121749
B-C00067, J162518
B-C00067, J132012
B-C00067, J102038
B-C00067, J150234
B-C00067, J112520
B-C00067, J165412
B-C00068, J151102
B-C00068, J133049
B-C00068, J161628
B-C00068, J134306
B-C00068, J131842
B-C00068, J232329
B-C00068, J164921
B-C00068, J203814
B-C00068, J151311
B-C00068, J101650
B-C00068, J165006
B-C00069, J103533
B-C00069, J101441
B-C00069, J124253
B-C00069, J232200
B-C00069, J144326
B-C00069, J124449
B-C00069, J100642
B-C00069, J133150
B-C00069, J164126
B-C00069, J171142
B-C00069, J145634
B-C00070, J151431
B-C00070, J233555
B-C00070, J100651
B-C00070, J132103
B-C00070, J121720
B-C00070, J210355
B-C00070, J125029
B-C00070, J103619
B-C00070, J165014
B-C00070, J124611
B-C00070, J150418
B-C00070, J145440
B-C00071, J113223
B-C00071, J234915
B-C00071, J162042
B-C00071, J112019
B-C00071, J162332
B-C00071, J125350
B-C00071, J101710
B-C00072, J223029
B-C00073, J234810
B-C00074, J135230
B-C00075, J111038
C-C00076, J160650
C-C00076, J114342
C-C00076, J152031
C-C00076, J113629
C-C00076, J220301
C-C00076, J102057
C-C00077, J124753
C-C00077, J114225
C-C00077, J105002
C-C00077, J111218
C-C00077, J111634
C-C00077, J105007
C-C00078, J205027
C-C00078, J111355
C-C00078, J101012
C-C00078, J161338
C-C00078, J170002
C-C00078, J104654
C-C00078, J124329
C-C00079, J114648
C-C00079, J131228
C-C00079, J110448
C-C00079, J144621
C-C00079, J153104
C-C00079, J100932
C-C00080, J114048
C-C00080, J115706
C-C00080, J123230
C-C00080, J152218
C-C00080, J123303
C-C00080, J102856
C-C00080, J151900
C-C00081, J124646
C-C00081, J153528
C-C00081, J112850
C-C00081, J102257
C-C00081, J142414
C-C00081, J165803
C-C00082, J115918
C-C00082, J222104
C-C00082, J124203
C-C00082, J112608
C-C00082, J161657
C-C00082, J111805
C-C00083, J113451
C-C00083, J141007
C-C00083, J164034
C-C00083, J101750
C-C00083, J165001
C-C00083, J111619
C-C00084, J140521
C-C00084, J140752
C-C00084, J143447
C-C00084, J142018
C-C00084, J105102
C-C00084, J124630
C-C00085, J165302
C-C00085, J143916
C-C00085, J221414
C-C00085, J153903
C-C00085, J103955
C-C00085, J210952
C-C00086, J134102
C-C00086, J140050
C-C00086, J131757
C-C00086, J140341
C-C00086, J111856
C-C00086, J102407
C-C00086, J151341
C-C00087, J110706
C-C00087, J133651
C-C00087, J123452
C-C00087, J102143
C-C00087, J220832
C-C00087, J160847
C-C00088, J125949
C-C00088, J164250
C-C00088, J212329
C-C00088, J112905
C-C00088, J144447
C-C00088, J113530
C-C00088, J103604
C-C00089, J142038
C-C00089, J130403
C-C00089, J132525
C-C00089, J103653
C-C00089, J154642
C-C00089, J163526
C-C00090, J212713
C-C00090, J132635
C-C00090, J114330
C-C00090, J224926
C-C00090, J113619
C-C00090, J214654
C-C00091, J151429
C-C00091, J111214
C-C00091, J113420
C-C00091, J135526
C-C00091, J164116
C-C00091, J214227
C-C00092, J164342
C-C00092, J151538
C-C00092, J125938
C-C00092, J165806
C-C00092, J122803
C-C00092, J113243
C-C00092, J134022
C-C00093, J152143
C-C00093, J170717
C-C00093, J121452
C-C00093, J124126
C-C00093, J173230
C-C00093, J164457
C-C00093, J112944
C-C00094, J115253
C-C00094, J100118
C-C00094, J100620
C-C00094, J145916
C-C00094, J223207
C-C00094, J144646
C-C00094, J142520
C-C00095, J230226
C-C00095, J150704
C-C00095, J225524
C-C00095, J133234
C-C00095, J125833
C-C00095, J104459
C-C00096, J164713
C-C00096, J135355
C-C00096, J220838
C-C00096, J225949
C-C00096, J130535
C-C00096, J111255
C-C00096, J121628
C-C00097, J221117
C-C00097, J115015
C-C00097, J172751
C-C00097, J134301
C-C00097, J104351
C-C00097, J144408
C-C00098, J220950
C-C00098, J165815
C-C00098, J120452
C-C00098, J142026
C-C00098, J111031
C-C00098, J130116
C-C00099, J111309
C-C00099, J122213
C-C00099, J170740
C-C00099, J113543
C-C00099, J170817
C-C00099, J123405
C-C00099, J125741
C-C00100, J114627
C-C00100, J155117
C-C00100, J165118
C-C00100, J141004
C-C00100, J174317
C-C00100, J145040
C-C00100, J171549
C-C00101, J100009
C-C00101, J124257
C-C00101, J154530
C-C00101, J152636
C-C00101, J100728
C-C00101, J115504
C-C00102, J104905
C-C00102, J125149
C-C00102, J172743
C-C00102, J111421
C-C00102, J152146
C-C00102, J111603
C-C00103, J114127
C-C00103, J113923
C-C00103, J123837
C-C00103, J125049
C-C00103, J161455
C-C00103, J124715
C-C00103, J124813
C-C00104, J120945
C-C00104, J155541
C-C00104, J105017
C-C00104, J154900
C-C00104, J164951
C-C00104, J162459
C-C00104, J141832
C-C00105, J115136
C-C00105, J112854
C-C00105, J222222
C-C00105, J124654
C-C00105, J132750
C-C00105, J170511
C-C00105, J155852
C-C00106, J121856
C-C00106, J131025
C-C00106, J122854
C-C00106, J132222
C-C00106, J203753
C-C00106, J130835
C-C00106, J134123
C-C00107, J133857
C-C00107, J171813
C-C00107, J143513
C-C00107, J112656
C-C00107, J154357
C-C00107, J154145
C-C00107, J100129
C-C00108, J155124
C-C00108, J133207
C-C00108, J124830
C-C00108, J144725
C-C00108, J170409
C-C00108, J103326
C-C00109, J160739
C-C00109, J133041
C-C00109, J205412
C-C00109, J145851
C-C00109, J132737
C-C00109, J130247
C-C00110, J151405
C-C00110, J131802
C-C00110, J221515
C-C00110, J142951
C-C00110, J101736
C-C00110, J233739
C-C00110, J221447
C-C00111, J145645
C-C00111, J153051
C-C00111, J141451
C-C00111, J131859
C-C00111, J144553
C-C00111, J145615
C-C00111, J223109
C-C00112, J132721
C-C00112, J103353
C-C00112, J173223
C-C00112, J104837
C-C00112, J163745
C-C00112, J101500
C-C00112, J224826
C-C00113, J230905
C-C00113, J110924
C-C00113, J122220
C-C00113, J165153
C-C00113, J204030
C-C00113, J134136
C-C00113, J113334
C-C00114, J125403
C-C00114, J162437
C-C00114, J235630
C-C00114, J105409
C-C00114, J163529
C-C00114, J152931
C-C00114, J131559
C-C00115, J143918
C-C00115, J104643
C-C00115, J212304
C-C00115, J154634
C-C00115, J172052
C-C00115, J135036
C-C00116, J134431
C-C00116, J121105
C-C00116, J120357
C-C00116, J101854
C-C00116, J232826
C-C00116, J154934
C-C00117, J170132
C-C00117, J114916
C-C00117, J142400
C-C00117, J115502
C-C00117, J121300
C-C00117, J223658
C-C00118, J124327
C-C00118, J220438
C-C00118, J144636
C-C00118, J113347
C-C00118, J150737
C-C00118, J152044
C-C00119, J142443
C-C00119, J164104
C-C00119, J155008
C-C00119, J114358
C-C00119, J122259
C-C00119, J125243
C-C00119, J114508
C-C00120, J125216
C-C00120, J113143
C-C00120, J101612
C-C00120, J101354
C-C00120, J100156
C-C00120, J110425
C-C00121, J133121
C-C00121, J165936
C-C00121, J213411
C-C00121, J231545
C-C00121, J121603
C-C00121, J222120
C-C00121, J231240
C-C00122, J164338
C-C00122, J142603
C-C00122, J212812
C-C00122, J164501
C-C00122, J144751
C-C00122, J214744
C-C00123, J135304
C-C00123, J223601
C-C00123, J103529
C-C00123, J161051
C-C00123, J224352
C-C00123, J113048
C-C00124, J140322
C-C00124, J152741
C-C00124, J222732
C-C00124, J171542
C-C00124, J205136
C-C00124, J121706
C-C00125, J143110
C-C00125, J110121
C-C00125, J104626
C-C00125, J212159
C-C00125, J151733
C-C00125, J103032
C-C00126, J150048
C-C00126, J113432
C-C00126, J134629
C-C00126, J113339
C-C00126, J122041
C-C00126, J130719
C-C00127, J204039
C-C00127, J101048
C-C00127, J114119
C-C00127, J110411
C-C00127, J104903
C-C00127, J151433
C-C00128, J143040
C-C00128, J133521
C-C00128, J163911
C-C00128, J204842
C-C00128, J135214
C-C00128, J131716
C-C00128, J225350
C-C00129, J105447
C-C00129, J144103
C-C00129, J165847
C-C00129, J121921
C-C00129, J212025
C-C00129, J145717
C-C00130, J113705
C-C00130, J132037
C-C00130, J224401
C-C00130, J152544
C-C00130, J114506
C-C00130, J231245
C-C00131, J151804
C-C00131, J105033
C-C00131, J214600
C-C00131, J152333
C-C00131, J131245
C-C00131, J151045
C-C00131, J160822
C-C00132, J125944
C-C00132, J173330
C-C00132, J115512
C-C00132, J161854
C-C00132, J122442
C-C00132, J114010
C-C00132, J153546
C-C00133, J141046
C-C00133, J160111
C-C00133, J101243
C-C00133, J214009
C-C00133, J152757
C-C00133, J164729
C-C00133, J171420
C-C00134, J232441
C-C00134, J131656
C-C00134, J135406
C-C00134, J230708
C-C00134, J120124
C-C00134, J132746
C-C00135, J212207
C-C00135, J104416
C-C00135, J104841
C-C00135, J172701
C-C00135, J104835
C-C00135, J113647
C-C00135, J144316
C-C00136, J114612
C-C00136, J130759
C-C00136, J164751
C-C00136, J131324
C-C00136, J230722
C-C00136, J134118
C-C00137, J164223
C-C00137, J154449
C-C00137, J172815
C-C00137, J151242
C-C00137, J213423
C-C00137, J145555
C-C00138, J101323
C-C00138, J112954
C-C00138, J133951
C-C00138, J150444
C-C00138, J153858
C-C00138, J172422
C-C00139, J155545
C-C00139, J161441
C-C00139, J125449
C-C00139, J210445
C-C00139, J123443
C-C00139, J121422
C-C00139, J155403
C-C00140, J103724
C-C00140, J112948
C-C00140, J235330
C-C00140, J121507
C-C00140, J235712
C-C00140, J125016
C-C00140, J151516
C-C00141, J132226
C-C00141, J170656
C-C00141, J155722
C-C00141, J150135
C-C00141, J151645
C-C00141, J211151
C-C00142, J213109
C-C00142, J233628
C-C00142, J102433
C-C00142, J111823
C-C00142, J211805
C-C00142, J172028
C-C00143, J101833
C-C00143, J104815
C-C00143, J124635
C-C00143, J110738
C-C00143, J170550
C-C00143, J143704
C-C00144, J143614
C-C00144, J170236
C-C00144, J153034
C-C00144, J220338
C-C00144, J171828
C-C00144, J112942
C-C00145, J112709
C-C00145, J161213
C-C00145, J140739
C-C00145, J213534
C-C00145, J165224
C-C00145, J170144
C-C00146, J162010
C-C00146, J110226
C-C00146, J104421
C-C00146, J104330
C-C00146, J170376
C-C00146, J100338
C-C00147, J110034
C-C00147, J124207
C-C00147, J132907
C-C00147, J100015
C-C00147, J144024
C-C00147, J122806
C-C00147, J133250
C-C00148, J135852
C-C00148, J130616
C-C00148, J204323
C-C00148, J120742
C-C00148, J105549
C-C00148, J103237
C-C00148, J215326
C-C00149, J121700
C-C00149, J124358
C-C00149, J112420
C-C00149, J130022
C-C00149, J155419
C-C00149, J135723
C-C00149, J105201
C-C00150, J133218
C-C00150, J143345
C-C00150, J115448
C-C00150, J135642
C-C00150, J205900
C-C00150, J112747
C-C00151, J121027
C-C00151, J124744
C-C00151, J161303
C-C00151, J141848
C-C00151, J104001
C-C00151, J102304
C-C00152, J172852
C-C00152, J131304
C-C00152, J145632
C-C00152, J102515
C-C00152, J160645
C-C00152, J135129
C-C00152, J115909
D-C00153, J160225
D-C00153, J210458
D-C00153, J113925
D-C00153, J204815
D-C00153, J104754
D-C00153, J130518
D-C00153, J142200
D-C00154, J103731
D-C00154, J100046
D-C00154, J230301
D-C00154, J165839
D-C00154, J235953
D-C00154, J115018
D-C00154, J133458
D-C00155, J221859
D-C00155, J170215
D-C00155, J165820
D-C00155, J130253
D-C00155, J120937
D-C00155, J214811
D-C00155, J160419
D-C00156, J161752
D-C00156, J112610
D-C00156, J123726
D-C00156, J124837
D-C00156, J151643
D-C00156, J160321
D-C00156, J165308
D-C00157, J171359
D-C00157, J115547
D-C00157, J141055
D-C00157, J153202
D-C00157, J121845
D-C00157, J113456
D-C00157, J144746
D-C00158, J171554
D-C00158, J111029
D-C00158, J145129
D-C00158, J113730
D-C00158, J100956
D-C00158, J134407
D-C00158, J101507
D-C00159, J105546
D-C00159, J123528
D-C00159, J145318
D-C00159, J132611
D-C00159, J153338
D-C00159, J102534
D-C00160, J144519
D-C00160, J141218
D-C00160, J152255
D-C00160, J142241
D-C00160, J131047
D-C00160, J100150
D-C00161, J104311
D-C00161, J111950
D-C00161, J132754
D-C00161, J101551
D-C00161, J211027
D-C00161, J105415
D-C00162, J224148
D-C00162, J100806
D-C00162, J133638
D-C00162, J231614
D-C00162, J103110
D-C00162, J101706
D-C00163, J142214
D-C00163, J155340
D-C00163, J165326
D-C00163, J133113
D-C00163, J122656
D-C00163, J134716
D-C00163, J171344
D-C00164, J161119
D-C00164, J111404
D-C00164, J105346
D-C00164, J154631
D-C00164, J150112
D-C00164, J104649
D-C00165, J234421
D-C00165, J105726
D-C00165, J111758
D-C00165, J142923
D-C00165, J114026
D-C00165, J115118
D-C00166, J162226
D-C00166, J165020
D-C00166, J125302
D-C00166, J113754
D-C00166, J153215
D-C00166, J213820
D-C00167, J111555
D-C00167, J131553
D-C00167, J143841
D-C00167, J113250
D-C00167, J204635
D-C00167, J212954
D-C00168, J132309
D-C00168, J231341
D-C00168, J160800
D-C00168, J155338
D-C00168, J132149
D-C00168, J171937
D-C00168, J152443
D-C00169, J111329
D-C00169, J171334
D-C00169, J115552
D-C00169, J151520
D-C00169, J165920
D-C00169, J145838
D-C00169, J125031
D-C00170, J110736
D-C00170, J165423
D-C00170, J155521
D-C00170, J135508
D-C00170, J103008
D-C00170, J103704
D-C00170, J104603
D-C00171, J163641
D-C00171, J203952
D-C00171, J105411
D-C00171, J101126
D-C00171, J122155
D-C00171, J110016
D-C00171, J212417
D-C00172, J142355
D-C00172, J121347
D-C00172, J172915
D-C00172, J155416
D-C00172, J211258
D-C00172, J120643
D-C00173, J143946
D-C00173, J125247
D-C00173, J144732
D-C00173, J155711
D-C00173, J214308
D-C00173, J134851
D-C00173, J145452
D-C00174, J115026
D-C00174, J151720
D-C00174, J151353
D-C00174, J113727
D-C00174, J130944
D-C00174, J145238
D-C00174, J235219
D-C00175, J172512
D-C00175, J141322
D-C00175, J210333
D-C00175, J135836
D-C00175, J101915
D-C00175, J130203
D-C00175, J110719
D-C00176, J131208
D-C00176, J121623
D-C00176, J150637
D-C00176, J130332
D-C00176, J1226-0
D-C00176, J114355
D-C00177, J144401
D-C00177, J103242
D-C00177, J161815
D-C00177, J132256
D-C00177, J162819
D-C00177, J131004
D-C00177, J141931
D-C00178, J112630
D-C00178, J154109
D-C00178, J153116
D-C00178, J160455
D-C00178, J102439
D-C00178, J160459
D-C00178, J131712
D-C00179, J140244
D-C00179, J150635
D-C00179, J125213
D-C00179, J154541
D-C00179, J120409
D-C00179, J140545
D-C00180, J162251
D-C00180, J120450
D-C00180, J220151
D-C00180, J104502
D-C00180, J152654
D-C00180, J124727
D-C00180, J151940
D-C00181, J212129
D-C00181, J141633
D-C00181, J145604
D-C00181, J212851
D-C00181, J145659
D-C00181, J165719
D-C00182, J154706
D-C00182, J141252
D-C00182, J112110
D-C00182, J140912
D-C00182, J165532
D-C00182, J161037
D-C00182, J130828
D-C00183, J122934
D-C00183, J163435
D-C00183, J221855
D-C00183, J124109
D-C00183, J123458
D-C00183, J134527
D-C00183, J133157
D-C00184, J141342
D-C00184, J145757
D-C00184, J130343
D-C00184, J152628
D-C00184, J112928
D-C00184, J133358
D-C00185, J102844
D-C00185, J134732
D-C00185, J213615
D-C00185, J131037
D-C00185, J154724
D-C00185, J213139
D-C00185, J103104
D-C00186, J121116
D-C00186, J142822
D-C00186, J102521
D-C00186, J215935
D-C00186, J162303
D-C00186, J102409
D-C00186, J104714
D-C00187, J171225
D-C00187, J124306
D-C00187, J135908
D-C00187, J124930
D-C00187, J162632
D-C00187, J155313
D-C00188, J211328
D-C00188, J204506
D-C00188, J133957
D-C00188, J115304
D-C00188, J112150
D-C00188, J131252
D-C00189, J133936
D-C00189, J143140
D-C00189, J154833
D-C00189, J101331
D-C00189, J151359
D-C00189, J150951
D-C00189, J140215
D-C00190, J152421
D-C00190, J130554
D-C00190, J101604
D-C00190, J150320
D-C00190, J134414
D-C00190, J131113
D-C00191, J124933
D-C00191, J150044
D-C00191, J155200
D-C00191, J145944
D-C00191, J145535
D-C00191, J141021
D-C00192, J223312
D-C00192, J212028
D-C00192, J164835
D-C00192, J115528
D-C00192, J143922
D-C00192, J225234
D-C00192, J165645
D-C00193, J100142
D-C00193, J101129
D-C00193, J141220
D-C00193, J112450
D-C00193, J121558
D-C00193, J104404
D-C00194, J152633
D-C00194, J104624
D-C00194, J113227
D-C00194, J211817
D-C00194, J144329
D-C00194, J154102
D-C00195, J162231
D-C00195, J151303
D-C00195, J145848
D-C00195, J152720
D-C00195, J123753
D-C00195, J101042
D-C00195, J223824
D-C00196, J125929
D-C00196, J225111
D-C00196, J135346
D-C00196, J144120
D-C00196, J215743
D-C00196, J111007
D-C00197, J231710
D-C00197, J141001
D-C00197, J163444
D-C00197, J103141
D-C00197, J112215
D-C00197, J215758
D-C00197, J101145
D-C00198, J212838
D-C00198, J111458
D-C00198, J115554
D-C00198, J170445
D-C00198, J162831
D-C00198, J124236
D-C00198, J101535
D-C00199, J113551
D-C00199, J162656
D-C00199, J114530
D-C00199, J155214
D-C00199, J102336
D-C00199, J123352
D-C00200, J100937
D-C00200, J100107
D-C00200, J204230
D-C00200, J233909
D-C00200, J134354
D-C00200, J160046
D-C00201, J162816
D-C00201, J170305
D-C00201, J102045
D-C00201, J100830
D-C00201, J115658
D-C00201, J123947
D-C00202, J224754
D-C00202, J140246
D-C00202, J214440
D-C00202, J144135
D-C00202, J151021
D-C00202, J114133
D-C00203, J130810
D-C00203, J141425
D-C00203, J121847
D-C00203, J150805
D-C00203, J140810
D-C00203, J141104
D-C00204, J114735
D-C00204, J205922
D-C00204, J215101
D-C00204, J144131
D-C00204, J213429
D-C00204, J121006
D-C00205, J111644
D-C00205, J164031
D-C00205, J155249
D-C00205, J103228
D-C00205, J164025
D-C00205, J163217
D-C00205, J103631
D-C00206, J145739
D-C00206, J114408
D-C00206, J131704
D-C00206, J112404
D-C00206, J104723
D-C00206, J123746
D-C00206, J225441
D-C00207, J111629
D-C00207, J140154
D-C00207, J144743
D-C00207, J210247
D-C00207, J133013
D-C00207, J160032
D-C00207, J111009
D-C00208, J142117
D-C00208, J110417
D-C00208, J204853
D-C00208, J132144
D-C00208, J160016
D-C00208, J142335
D-C00209, J105835
D-C00209, J102055
D-C00209, J140932
D-C00209, J134333
D-C00209, J160156
D-C00209, J150944
D-C00210, J113508
D-C00210, J151757
D-C00210, J142800
D-C00210, J170642
D-C00210, J130451
D-C00210, J113158
D-C00210, J225133
D-C00211, J100001
D-C00211, J155831
D-C00211, J145749
D-C00211, J164659
D-C00211, J135543
D-C00211, J132735
D-C00212, J141740
D-C00212, J101315
D-C00212, J123345
D-C00212, J105621
D-C00212, J113813
D-C00212, J135807
D-C00213, J122728
D-C00213, J110915
D-C00213, J171430
D-C00213, J154321
D-C00213, J104729
D-C00213, J111753
D-C00214, J140823
D-C00214, J161357
D-C00214, J162205
D-C00214, J113950
D-C00214, J124224
D-C00214, J155959
D-C00215, J103213
D-C00215, J105858
D-C00215, J172502
D-C00215, J170151
D-C00215, J165058
D-C00215, J173638
D-C00216, J130330
D-C00216, J132740
D-C00216, J133931
D-C00216, J143902
D-C00216, J165105
D-C00216, J141316
D-C00217, J113152
D-C00217, J113453
D-C00217, J144845
D-C00217, J140053
D-C00217, J151416
D-C00217, J100846
D-C00218, J165943
D-C00218, J103538
D-C00218, J154854
D-C00218, J212627
D-C00218, J150656
D-C00218, J224031
D-C00219, J215455
D-C00219, J122503
D-C00219, J103120
D-C00219, J164528
D-C00219, J125316
D-C00219, J113131
D-C00220, J144038
D-C00220, J172926
D-C00220, J154610
D-C00220, J103412
D-C00220, J150318
D-C00220, J211504
D-C00220, J111617
D-C00221, J100346
D-C00221, J143557
D-C00221, J130001
D-C00221, J101142
D-C00221, J155002
D-C00221, J154232
D-C00222, J142506
D-C00222, J155506
D-C00222, J163754
D-C00222, J100357
D-C00222, J115031
D-C00222, J122706
D-C00223, J114318
D-C00223, J150625
D-C00223, J113437
D-C00223, J213924
D-C00223, J152711
D-C00223, J160929
D-C00223, J153110
D-C00224, J132532
D-C00224, J114031
D-C00224, J120316
D-C00224, J151610
D-C00224, J145937
D-C00224, J122056
D-C00224, J170127
D-C00225, J145424
D-C00225, J101835
D-C00225, J103907
D-C00225, J130237
D-C00225, J104948
D-C00225, J120844
D-C00226, J154824
D-C00226, J134216
D-C00226, J120131
D-C00226, J120134
D-C00226, J224558
D-C00226, J161029
D-C00227, J225530
D-C00227, J154407
D-C00227, J140720
D-C00227, J222125
D-C00227, J152502
D-C00227, J220215
D-C00228, J141647
D-C00228, J101957
D-C00228, J223808
D-C00228, J105433
D-C00228, J153722
D-C00228, J105348
D-C00229, J113133
D-C00229, J105319
D-C00229, J162828
D-C00229, J233449
D-C00229, J150026
D-C00229, J125629
D-C00229, J123246
D-C00230, J215615
D-C00230, J152404
D-C00230, J132152
D-C00230, J145335
D-C00230, J162255
D-C00230, J112722
D-C00231, J134459
D-C00231, J131624
D-C00231, J165611
E-C00232, J152820
E-C00232, J135100
E-C00232, J122515
E-C00232, J172943
E-C00232, J205738
E-C00232, J134242
E-C00232, J103251
E-C00232, J111220
E-C00232, J170540
E-C00233, J102446
E-C00233, J141137
E-C00233, J164147
E-C00233, J100702
E-C00233, J133119
E-C00233, J124730
E-C00233, J132823
E-C00233, J100724
E-C00233, J162638
E-C00234, J230257
E-C00234, J223018
E-C00234, J135449
E-C00234, J133537
E-C00234, J155714
E-C00234, J112325
E-C00234, J150606
E-C00234, J110550
E-C00234, J205659
E-C00235, J100120
E-C00235, J151057
E-C00235, J213245
E-C00235, J121230
E-C00235, J145203
E-C00235, J111106
E-C00235, J222834
E-C00236, J232336
E-C00236, J161032
E-C00236, J154733
E-C00236, J153144
E-C00236, J122721
E-C00236, J133440
E-C00237, J103727
E-C00237, J152739
E-C00237, J140717
E-C00237, J205205
E-C00237, J130026
E-C00237, J151035
E-C00237, J112603
E-C00238, J151811
E-C00238, J105441
E-C00238, J124949
E-C00238, J130711
E-C00238, J131948
E-C00238, J132814
E-C00238, J213734
E-C00239, J140608
E-C00239, J212336
E-C00239, J104448
E-C00239, J164846
E-C00239, J161354
E-C00239, J103959
E-C00239, J114353
E-C00239, J171622
E-C00239, J143123
E-C00240, J125023
E-C00240, J122116
E-C00240, J151718
E-C00240, J153335
E-C00240, J170122
E-C00240, J150515
E-C00240, J104216
E-C00240, J111000
E-C00240, J155600
E-C00241, J132601
E-C00241, J132258
E-C00241, J221512
E-C00241, J125853
E-C00241, J141609
E-C00241, J134096
E-C00241, J121146
E-C00241, J121649
E-C00241, J135559
E-C00242, J130735
E-C00242, J144115
E-C00242, J112241
E-C00242, J141204
E-C00242, J131401
E-C00242, J170231
E-C00242, J164430
E-C00243, J143740
E-C00243, J115517
E-C00243, J230936
E-C00243, J133525
E-C00243, J215338
E-C00243, J112003
E-C00244, J214318
E-C00244, J110938
E-C00244, J103453
E-C00244, J101000
E-C00244, J110117
E-C00244, J100328
E-C00244, J155845
E-C00244, J152703
E-C00244, J110628
E-C00245, J142438
E-C00245, J153054
E-C00245, J114019
E-C00245, J233255
E-C00245, J135046
E-C00245, J145322
E-C00245, J112844
E-C00245, J120816
E-C00246, J165340
E-C00246, J124409
E-C00246, J124733
E-C00246, J173645
E-C00246, J165743
E-C00246, J171013
E-C00246, J155905
E-C00247, J213055
E-C00247, J212224
E-C00247, J234252
E-C00247, J150036
E-C00247, J172431
E-C00247, J114154
E-C00247, J115127
E-C00247, J233658
E-C00247, J114403
E-C00248, J165946
E-C00248, J124046
E-C00248, J102736
E-C00248, J133252
E-C00248, J140600
E-C00248, J163701
E-C00249, J115041
E-C00249, J154726
E-C00249, J123602
E-C00249, J100549
E-C00249, J124100
E-C00249, J113701
E-C00250, J164327
E-C00250, J110018
E-C00250, J164511
E-C00250, J130037
E-C00250, J101028
E-C00250, J100858
E-C00250, J151813
E-C00251, J113758
E-C00251, J153802
E-C00251, J130401
E-C00251, J130241
E-C00251, J232934
E-C00251, J213642
E-C00251, J144107
E-C00252, J140336
E-C00252, J214712
E-C00252, J170809
E-C00252, J220924
E-C00252, J142624
E-C00252, J150306
E-C00252, J100425
E-C00252, J161745
E-C00253, J131718
E-C00253, J151319
E-C00253, J113059
E-C00253, J142234
E-C00253, J113636
E-C00253, J142858
E-C00253, J135540
E-C00254, J155739
E-C00254, J132427
E-C00254, J114337
E-C00254, J121842
E-C00254, J100415
E-C00254, J143057
E-C00254, J165953
E-C00255, J102753
E-C00255, J221325
E-C00255, J114443
E-C00255, J125990
E-C00255, J114518
E-C00255, J102623
E-C00256, J164900
E-C00256, J122049
E-C00256, J154846
E-C00256, J115522
E-C00256, J145844
E-C00256, J121704
E-C00256, J121959
E-C00256, J105849
E-C00257, J122610
E-C00257, J152912
E-C00257, J145359
E-C00257, J154906
E-C00257, J160547
E-C00257, J111150
E-C00258, J111935
E-C00258, J100237
E-C00258, J145735
E-C00258, J103600
E-C00258, J211517
E-C00258, J131128
E-C00258, J143107
E-C00258, J213125
E-C00258, J152325
E-C00259, J114014
E-C00259, J215215
E-C00259, J143718
E-C00259, J134141
E-C00259, J114842
E-C00259, J105504
E-C00259, J130302
E-C00260, J170327
E-C00260, J120823
E-C00260, J153449
E-C00260, J164621
E-C00260, J142631
E-C00260, J134652
E-C00260, J123628
E-C00260, J130621
E-C00261, J171158
E-C00261, J163930
E-C00261, J113907
E-C00261, J164610
E-C00261, J145512
E-C00261, J133833
E-C00261, J141250
E-C00261, J105623
E-C00262, J120010
E-C00262, J233630
E-C00262, J162007
E-C00262, J215124
E-C00262, J141615
E-C00262, J133222
E-C00262, J105822
E-C00263, J171136
E-C00263, J152111
E-C00263, J104846
E-C00263, J123440
E-C00263, J121416
E-C00263, J161635
E-C00264, J141043
E-C00264, J163408
E-C00264, J135204
E-C00264, J133913
E-C00264, J153447
E-C00264, J145313
E-C00265, J162753
E-C00265, J135301
E-C00265, J125254
E-C00265, J145320
E-C00265, J103116
E-C00265, J120437
E-C00265, J100252
E-C00265, J153919
E-C00266, J115520
E-C00266, J100919
E-C00266, J115933
E-C00266, J133529
E-C00266, J131549
E-C00266, J205517
E-C00267, J220546
E-C00267, J102853
E-C00267, J115418
E-C00267, J155040
E-C00267, J172937
E-C00267, J122757
E-C00268, J100759
E-C00268, J145416
E-C00268, J152034
E-C00268, J125544
E-C00268, J123235
E-C00268, J151204
E-C00268, J104537
E-C00268, J162047
E-C00268, J140514
E-C00269, J154152
E-C00269, J143626
E-C00269, J161737
E-C00269, J142110
E-C00269, J112042
E-C00269, J105719
E-C00269, J101556
E-C00269, J230047
E-C00269, J213226
E-C00270, J104218
E-C00270, J115308
E-C00270, J140418
E-C00270, J101343
E-C00270, J105135
E-C00270, J111818
E-C00270, J110841
E-C00271, J134024
E-C00271, J142349
E-C00271, J212203
E-C00271, J124942
E-C00271, J131747
E-C00271, J133553
E-C00271, J115422
E-C00272, J103448
E-C00272, J161301
E-C00272, J130334
E-C00272, J172125
E-C00272, J114537
E-C00272, J134440
E-C00272, J101912
E-C00272, J214006
E-C00273, J235108
E-C00273, J124538
E-C00273, J125641
E-C00273, J141728
E-C00273, J100616
E-C00273, J204350
E-C00273, J151300
E-C00273, J114041
E-C00274, J115644
E-C00274, J103328
E-C00274, J143127
E-C00274, J121459
E-C00274, J114441
E-C00274, J102345
E-C00274, J161609
E-C00274, J131646
E-C00274, J144543
E-C00275, J123658
E-C00275, J121450
E-C00275, J145753
E-C00275, J130510
E-C00275, J135402
E-C00275, J165220
E-C00276, J124152
E-C00276, J162349
E-C00276, J210750
E-C00276, J235305
E-C00276, J120546
E-C00276, J105059
E-C00277, J140249
E-C00277, J154551
E-C00277, J151530
E-C00277, J122520
E-C00277, J151200
E-C00277, J143245
E-C00277, J124722
E-C00277, J173506
E-C00277, J121747
E-C00278, J235456
E-C00278, J113712
E-C00278, J165940
E-C00278, J165520
E-C00278, J135653
E-C00278, J132946
E-C00279, J134702
E-C00279, J111249
E-C00279, J105607
E-C00279, J100551
E-C00279, J140524
E-C00279, J234152
E-C00279, J164732
E-C00279, J131505
E-C00280, J115405
E-C00280, J215009
E-C00280, J161940
E-C00280, J145825
E-C00280, J132605
E-C00280, J115907
E-C00281, J125634
E-C00281, J110530
E-C00281, J100854
E-C00281, J102053
E-C00281, J111518
E-C00281, J145349
E-C00281, J145846
E-C00282, J215554
E-C00282, J115950
E-C00282, J100109
E-C00282, J161838
E-C00282, J173052
E-C00282, J170807
E-C00282, J105246
E-C00282, J144944
E-C00283, J170930
E-C00283, J130039
E-C00283, J103615
E-C00283, J111227
E-C00283, J153222
E-C00283, J144434
E-C00283, J230842
E-C00283, J172139
E-C00284, J232741
E-C00284, J110634
E-C00284, J124058
E-C00284, J123432
E-C00284, J151909
E-C00284, J145706
E-C00284, J230242
E-C00285, J172840
E-C00285, J131450
E-C00285, J125101
E-C00285, J142910
E-C00285, J131142
E-C00285, J152827
E-C00285, J115901
E-C00285, J114100
E-C00285, J162132
E-C00286, J171722
E-C00286, J135554
E-C00286, J214212
E-C00286, J130305
E-C00286, J111543
E-C00286, J160623
E-C00286, J234722
E-C00287, J133513
E-C00287, J104704
E-C00287, J120354
E-C00287, J165312
E-C00287, J103812
E-C00287, J143525
E-C00288, J125716
E-C00288, J143845
E-C00288, J135626
E-C00288, J115905
E-C00288, J233917
E-C00288, J140343
E-C00288, J114315
E-C00289, J142653
E-C00289, J132546
E-C00289, J165205
E-C00289, J122518
E-C00289, J153825
E-C00289, J101435
E-C00289, J143819
E-C00289, J170417
E-C00289, J115727
E-C00290, J115124
E-C00290, J135533
E-C00290, J230745
E-C00290, J112918
E-C00290, J111640
E-C00290, J231137
E-C00290, J111613
E-C00290, J145131
E-C00291, J111003
E-C00291, J131520
E-C00291, J120922
E-C00291, J142138
E-C00291, J153106
E-C00291, J111939
E-C00291, J173550
E-C00291, J145310
E-C00291, J155928
E-C00292, J234208
E-C00292, J105722
E-C00292, J123546
E-C00292, J210235
E-C00292, J170736
E-C00292, J170240
E-C00292, J125532
E-C00292, J133923
E-C00292, J131509
E-C00293, J210519
E-C00293, J233517
E-C00293, J162612
E-C00293, J123055
E-C00293, J212302
E-C00293, J102103
E-C00293, J213956
E-C00293, J161944
E-C00294, J135705
E-C00294, J103215
E-C00294, J141032
E-C00294, J135306
E-C00294, J155256
E-C00294, J162853
E-C00294, J104809
E-C00294, J144454
E-C00295, J110759
E-C00295, J215304
E-C00295, J110946
E-C00295, J230221
E-C00295, J140133
E-C00295, J105531
E-C00296, J213502
E-C00296, J101647
E-C00296, J133023
E-C00296, J164553
E-C00296, J232959
E-C00296, J152106
E-C00296, J142535
F-C00297, J104859
F-C00297, J155838
F-C00297, J164745
F-C00297, J135504
F-C00297, J115923
F-C00297, J151325
F-C00297, J105705
F-C00298, J141434
F-C00298, J115844
F-C00298, J133906
F-C00298, J115855
F-C00298, J150020
F-C00298, J142528
F-C00299, J130900
F-C00299, J222045
F-C00299, J111450
F-C00299, J103800
F-C00299, J144420
F-C00299, J152550
F-C00299, J114003
F-C00299, J143751
F-C00299, J215930
F-C00300, J120512
F-C00300, J145939
F-C00300, J135623
F-C00300, J111918
F-C00300, J162614
F-C00300, J104921
F-C00300, J230049
F-C00300, J115935
F-C00301, J151920
F-C00301, J160855
F-C00301, J155311
F-C00301, J101553
F-C00301, J110421
F-C00301, J155207
F-C00302, J143200
F-C00302, J110834
F-C00302, J142247
F-C00302, J112028
F-C00302, J111520
F-C00302, J161335
F-C00302, J170118
F-C00302, J160722
F-C00303, J124504
F-C00303, J212612
F-C00303, J154829
F-C00303, J144436
F-C00303, J165641
F-C00303, J145510
F-C00304, J110810
F-C00304, J131916
F-C00304, J120103
F-C00304, J171404
F-C00304, J104632
F-C00304, J103400
F-C00304, J154021
F-C00304, J122249
F-C00304, J213753
F-C00305, J155650
F-C00305, J152722
F-C00305, J100501
F-C00305, J140918
F-C00305, J103414
F-C00305, J223432
F-C00305, J100409
F-C00305, J141502
F-C00305, J115008
F-C00306, J112829
F-C00306, J105801
F-C00306, J105023
F-C00306, J101652
F-C00306, J163225
F-C00306, J135220
F-C00306, J114430
F-C00306, J103504
F-C00307, J123940
F-C00307, J104857
F-C00307, J112417
F-C00307, J205141
F-C00307, J104037
F-C00307, J144902
F-C00308, J122818
F-C00308, J211353
F-C00308, J104136
F-C00308, J172842
F-C00308, J122452
F-C00308, J140200
F-C00308, J232246
F-C00308, J101748
F-C00309, J133241
F-C00309, J151817
F-C00309, J124201
F-C00309, J125111
F-C00309, J101755
F-C00309, J101708
F-C00309, J135031
F-C00310, J152117
F-C00310, J164701
F-C00310, J132106
F-C00310, J141319
F-C00310, J170845
F-C00310, J161215
F-C00310, J111447
E-C00291, J222408
E-C00275, J161747
E-C00296, J132328
F-C00307, J153217
E-C00292, J142814
E-C00259, J101248
E-C00290, J135825
F-C00299, J151838
E-C00282, J100820
E-C00296, J213344
E-C00244, J103701
E-C00254, J171246
E-C00238, J170158
F-C00307, J230559
E-C00248, J145208
E-C00233, J224721
F-C00298, J105934
E-C00245, J130818
F-C00303, J140555
E-C00265, J221356
E-C00278, J111245
F-C00310, J102834
E-C00261, J154509
E-C00251, J234928
F-C00310, J222604
E-C00249, J133011
E-C00290, J125245
F-C00309, J145523
E-C00269, J143605
E-C00239, J120750
E-C00258, J104617
F-C00299, J125122
E-C00248, J114809
E-C00268, J125657
A-C00325, J015092
A-C00325, J005834
A-C00325, J012402
A-C00325, J005926
A-C00325, J010569
A-C00325, J012157
A-C00325, J002757
A-C00325, J004791
A-C00325, J004317
A-C00325, J002216
B-C00326, J005482
B-C00326, J005900
B-C00326, J013070
B-C00326, J001057
B-C00326, J011321
B-C00326, J013123
B-C00326, J012735
B-C00326, J012635
B-C00326, J010000
B-C00326, J001890
B-C00326, J002964
B-C00326, J004686
C-C00327, J011563
C-C00327, J001348
C-C00327, J002838
C-C00327, J001670
C-C00327, J014348
C-C00327, J003789
C-C00327, J012794
C-C00327, J005923
C-C00327, J001398
C-C00327, J011339
C-C00327, J004283
D-C00328, J002625
D-C00328, J004470
D-C00328, J011824
D-C00328, J010247
D-C00328, J002423
D-C00328, J001302
D-C00328, J010556
D-C00328, J011778
D-C00328, J005259
D-C00328, J005969
D-C00328, J001769
D-C00328, J004150
D-C00328, J005872
D-C00328, J011376
D-C00328, J005299
D-C00328, J011355
D-C00328, J011195
D-C00328, J005280
E-C00329, J010811
E-C00329, J001694
E-C00329, J003941
E-C00329, J011790
E-C00329, J013146
E-C00329, J004998
E-C00329, J003382
E-C00329, J003546
E-C00329, J001820
E-C00329, J012578
E-C00329, J012773
E-C00329, J005223
E-C00329, J005663
E-C00329, J003793
E-C00329, J004128
E-C00329, J005070
E-C00329, J001025
E-C00329, J005724
E-C00329, J004921
F-C00330, J012686
F-C00330, J010366
F-C00330, J012475
F-C00330, J015227
F-C00330, J010951
H-C00331, J000895
H-C00331, J000487
H-C00331, J000621
H-C00331, J000551
H-C00332, J000630
H-C00332, J000452
H-C00332, J000327
H-C00332, J000186
H-C00332, J000528
H-C00332, J000353
H-C00332, J000461
H-C00332, J000522
H-C00332, J000965
H-C00332, J000304
H-C00332, J000595
H-C00333, J000685
H-C00333, J000844
H-C00333, J000719
H-C00333, J000726
H-C00333, J000214
H-C00333, J000652
H-C00333, J000313
H-C00333, J000687
H-C00333, J000427
H-C00333, J000102
